model_name,original_name,pathogen,name,n_compounds,n_positives,n_added_negatives,n_added_decoys,auroc_mean,auroc_std,auprc_mean,auprc_std,baseline_auprc_mean,baseline_auprc_std,bedroc_mean,bedroc_std,baseline_bedroc_mean,baseline_bedroc_std,w1,w2,w3,w4,w5,w6,w_screen,final_weight,final_normalized_weight,decision_cutoff_rank,screening_auc,sensitivity_at_cutoff,portfolio,model_size_total_mb,oof_auc_cddd_mean,oof_auc_cddd_std,oof_auc_chemeleon_mean,oof_auc_chemeleon_std,oof_auc_clamp_mean,oof_auc_clamp_std,oof_auc_morgan_mean,oof_auc_morgan_std,oof_auc_rdkit_mean,oof_auc_rdkit_std
chembl_single_point_0,SP_0000,kpneumoniae,SP_0000,1274,89,0,0,0.9426,0.0325,0.7718,0.0812,0.0699,0.0017,0.8367,0.056,0.0928,0.0012,1.0,0.8087,0.8773,0.8555,0.2576,0.0488,0.7983,0.6637,11.6875,0.65,0.9395,0.809,LR;RF;SVC;XGB,4.006,,,0.9269,0.0127,0.9406,0.0111,0.9338,0.0087,0.9695,
chembl_single_point_1,SP_0003,kpneumoniae,SP_0003,499,135,0,0,0.9078,0.0345,0.8298,0.0627,0.2705,0.0012,0.9461,0.0274,0.2717,0.0012,1.0,0.6926,0.4981,0.6008,0.1108,0.1062,0.289,0.4711,8.2959,0.65,0.7867,0.5259,LR;RF;SVC;XGB,3.707,,,0.9077,0.0156,0.9063,0.0176,0.9268,,0.9093,
chembl_single_point_2,SP_0002,kpneumoniae,SP_0002,474,138,0,0,0.8508,0.0632,0.7204,0.123,0.2911,0.005,0.8104,0.159,0.292,0.005,1.0,0.5026,0.3847,0.4647,0.1039,0.11,0.305,0.4101,7.2217,0.65,0.7915,0.442,LR;RF;SVC;XGB,4.161,,,0.8433,0.0228,0.8349,,0.8534,0.0244,0.8519,0.0218
chembl_single_point_3,SP_0001,kpneumoniae,SP_0001,329,139,0,0,0.8986,0.0499,0.8711,0.0613,0.4224,0.0039,0.9367,0.081,0.4225,0.0039,1.0,0.662,0.4474,0.5128,0.0636,0.1113,0.4067,0.4577,8.0599,0.65,0.822,0.5396,LR;RF;SVC;XGB,4.4,,,0.8978,0.0082,0.8823,0.0054,0.9044,0.0013,0.8757,
chembl_single_point_4,SP_0004,kpneumoniae,SP_0004,192,94,0,0,0.9754,0.0178,0.9785,0.0147,0.4896,0.011,0.9998,0.0002,0.4896,0.011,1.0,0.9181,0.5345,0.5577,0.0256,0.055,0.0987,0.4557,8.0247,0.65,0.7296,0.4149,LR;RF;SVC;XGB,3.875,,,0.9744,0.0086,,,0.982,0.0086,0.9741,0.0102
chembl_dose_response_0,DR_0000,kpneumoniae,DR_0000,6242,1629,0,0,0.9881,0.0058,0.9731,0.0087,0.261,0.0003,0.9921,0.0053,0.2624,0.0003,1.0,0.9602,0.6334,0.6492,0.3956,0.5349,0.96,0.7333,12.9132,0.65,0.988,0.9589,RF;XGB,10.376,,,0.9869,0.0018,0.9842,0.0015,0.9871,0.0015,0.9832,0.0024
chembl_dose_response_1,DR_0001,kpneumoniae,DR_0001,3322,544,0,0,0.9766,0.0066,0.9222,0.0118,0.1638,0.0006,0.9572,0.0157,0.1702,0.0006,1.0,0.9221,0.7108,0.7311,0.3145,0.348,0.958,0.7121,12.5398,0.65,0.9874,0.954,LR;RF;SVC;XGB,7.667,,,0.9741,0.0019,0.974,0.0026,0.977,0.004,,
chembl_dose_response_2,DR_0002,kpneumoniae,DR_0002,2377,516,0,0,0.9468,0.0105,0.8611,0.0176,0.2171,0.0008,0.9321,0.0124,0.2199,0.0008,1.0,0.8227,0.5761,0.6363,0.2883,0.3387,0.884,0.6494,11.4357,0.65,0.9652,0.8488,LR;RF;SVC;XGB,9.25,,,0.9344,0.0033,0.9343,0.0025,0.9374,0.0036,,
chembl_dose_response_3,DR_0003,kpneumoniae,DR_0003,1379,523,0,0,0.904,0.02,0.8718,0.0429,0.3792,0.0017,0.9469,0.0539,0.3794,0.0017,1.0,0.6801,0.4689,0.5403,0.2605,0.341,0.6297,0.5601,9.8632,0.65,0.8889,0.6902,LR;RF;SVC;XGB,2.173,,,0.8966,0.0089,0.89,0.0151,,,,
chembl_dose_response_4,DR_0004,kpneumoniae,DR_0004,538,177,0,0,0.9354,0.0245,0.8523,0.0606,0.329,0.0041,0.8933,0.0771,0.3295,0.0041,1.0,0.7845,0.4783,0.5155,0.1217,0.1588,0.8997,0.5655,9.9583,0.65,0.9699,0.8927,LR;RF;SVC;XGB,9.462,,,0.9275,0.0134,,,0.9237,0.0171,0.9156,
